u,d,s
102.0,2018-09-05,756
102.0,2018-09-05,6800
102.0,2018-09-05,6800
102.0,2018-09-05,11820
102.0,2018-09-05,4700
102.0,2018-08-24,10800
102.0,2018-08-24,17280
102.0,2018-08-25,6800
102.0,2018-08-25,6500
102.0,2018-08-25,8300
102.0,2018-08-27,8200
102.0,2018-08-27,6800
102.0,2018-09-13,14200
102.0,2018-08-30,6600
102.0,2018-08-30,8240
102.0,2018-09-01,9396
102.0,2018-09-02,6096
102.0,2018-09-02,13408
102.0,2018-09-02,8300
102.0,2018-09-02,6480
102.0,2018-09-02,8640
102.0,2018-09-02,8300
102.0,2018-09-02,5424
102.0,2018-09-03,7560
102.0,2018-09-03,5980
102.0,2018-09-13,8548
102.0,2018-09-13,9396
102.0,2018-09-13,6724
102.0,2018-09-13,4600
102.0,2018-09-14,23004
102.0,2018-09-03,9120
102.0,2018-09-02,8300
102.0,2018-09-03,7800
102.0,2018-09-03,8640
33.0,2018-09-03,123456
33.0,2018-09-03,235765432
33.0,2018-09-03,3345679
33.0,2018-09-03,34688
102.0,2018-09-02,8300
102.0,2018-09-01,6800
102.0,2018-09-01,8300
102.0,2018-09-01,4300
102.0,2018-09-01,4800
102.0,2018-09-01,8096
102.0,2018-09-01,6800
102.0,2018-08-31,8640
102.0,2018-08-30,9668
102.0,2018-08-30,6480
102.0,2018-08-24,0
102.0,2018-08-29,6480
102.0,2018-08-27,6800
102.0,2018-08-27,8640
102.0,2018-08-27,1
102.0,2018-08-27,6480
102.0,2018-08-27,8640
102.0,2018-08-26,8640
33.0,2018-09-05,5500
33.0,2018-09-05,3000
33.0,2018-09-05,3000
33.0,2018-09-05,3000
33.0,2018-09-05,2500
33.0,2018-09-05,0
33.0,2018-09-05,0
33.0,2018-09-05,0
33.0,2018-09-05,2500
33.0,2018-09-05,0
33.0,2018-09-05,0
33.0,2018-09-05,0
33.0,2018-09-05,2500
33.0,2018-09-05,0
33.0,2018-09-05,0
33.0,2018-09-05,0
102.0,2018-09-05,6480
102.0,2018-09-05,8640
102.0,2018-09-13,0
102.0,2018-09-13,756
33.0,2018-09-05,0
102.0,2018-09-06,7100
102.0,2018-09-06,8640
102.0,2018-09-06,2160
102.0,2018-09-06,4800
102.0,2018-09-06,7128
102.0,2018-09-06,6800
102.0,2018-09-06,4560
102.0,2018-09-06,8300
102.0,2018-09-07,6800
102.0,2018-09-07,6700
102.0,2018-09-07,7236
102.0,2018-09-07,0
102.0,2018-09-08,8640
102.0,2018-09-08,8640
102.0,2018-09-08,6628
102.0,2018-09-08,6800
102.0,2018-09-08,6800
102.0,2018-09-09,8640
102.0,2018-09-09,7252
102.0,2018-09-09,5756
102.0,2018-09-10,13640
102.0,2018-09-10,8964
102.0,2018-09-12,6480
102.0,2018-09-10,22680
102.0,2018-09-12,10260
102.0,2018-09-10,6300
33.0,2018-09-10,0
102.0,2018-09-12,4300
102.0,2018-09-12,6800
33.0,2018-09-11,0
33.0,2018-09-18,55754776
33.0,2018-09-18,44
33.0,2018-09-18,45345
33.0,2018-09-18,5235235
33.0,2018-09-18,4325325
33.0,2018-09-18,0
102.0,2018-09-12,8040
102.0,2018-09-12,5500
102.0,2018-09-12,6380
102.0,2018-09-14,6800
102.0,2018-09-14,6480
102.0,2018-09-14,6800
102.0,2018-09-14,6800
102.0,2018-09-14,7776
33.0,2018-09-15,0
33.0,2018-09-15,2000
33.0,2018-09-15,3000
33.0,2018-09-15,4346
102.0,2018-09-15,0
102.0,2018-09-15,15120
102.0,2018-09-15,0
102.0,2018-09-15,7560
102.0,2018-09-15,0
102.0,2018-09-15,9507
102.0,2018-09-15,0
102.0,2018-09-15,7900
102.0,2018-09-17,0
33.0,2018-09-17,0
102.0,2018-10-26,6840
102.0,2018-10-26,0
33.0,2018-09-17,324354
33.0,2018-09-17,0
33.0,2018-09-17,32412341234
33.0,2018-09-17,1331
33.0,2018-09-17,1331
33.0,2018-09-18,0
33.0,2018-09-18,543634
33.0,2018-09-18,0
33.0,2018-09-18,0
33.0,2018-09-18,0
33.0,2018-09-18,0
33.0,2018-09-18,0
33.0,2018-09-18,45423
33.0,2018-09-18,0
33.0,2018-09-18,0
33.0,2018-09-18,0
33.0,2018-09-18,24567
33.0,2018-09-18,66444
33.0,2018-09-18,455666
33.0,2018-09-18,234
33.0,2018-09-18,234565
33.0,2018-09-18,14241324
33.0,2018-09-18,12341
33.0,2018-09-18,0
33.0,2018-09-18,14234125
33.0,2018-09-18,1245243
33.0,2018-09-18,124123
33.0,2018-09-18,2452
33.0,2018-09-18,43252
33.0,2018-09-18,44325
33.0,2018-09-18,3424
33.0,2018-09-18,43223
33.0,2018-09-18,3242
33.0,2018-09-18,23423
33.0,2018-09-18,43252
33.0,2018-09-19,3333
33.0,2018-09-20,0
33.0,2018-09-20,3214512
33.0,2018-09-20,2455632
33.0,2018-09-20,3526545
33.0,2018-09-20,0
33.0,2018-09-20,55685
33.0,2018-09-20,234
33.0,2018-09-20,45646
33.0,2018-09-20,2300
33.0,2018-09-20,1900
33.0,2018-09-20,6700
102.0,2018-09-16,26900
102.0,2018-09-16,2700
102.0,2018-09-16,6800
102.0,2018-09-21,6800
102.0,2018-09-20,4300
102.0,2018-09-19,6800
102.0,2018-09-20,5980
102.0,2018-09-20,8640
102.0,2018-09-20,9444
102.0,2018-09-17,6480
102.0,2018-09-17,6480
102.0,2018-09-17,0
102.0,2018-09-21,144720
33.0,2018-09-21,0
33.0,2018-09-21,3653634
33.0,2018-09-21,56765
102.0,2018-09-21,6480
102.0,2018-09-21,7200
102.0,2018-09-21,4800
102.0,2018-09-22,7560
102.0,2018-09-22,6800
102.0,2018-09-22,2000
102.0,2018-09-22,8624
102.0,2018-09-22,6300
102.0,2018-09-23,8640
102.0,2018-09-23,7348
102.0,2018-09-23,1860
102.0,2018-09-23,6800
102.0,2018-09-23,6800
102.0,2018-09-23,7776
102.0,2018-09-24,3456
102.0,2018-09-24,12960
102.0,2018-09-24,0
102.0,2018-09-24,2160
102.0,2018-09-24,7776
102.0,2018-09-26,12096
102.0,2018-09-26,1
102.0,2018-09-26,8640
102.0,2018-09-26,7012
102.0,2018-09-26,21600
102.0,2018-09-26,8000
102.0,2018-09-27,8300
102.0,2018-09-27,4800
102.0,2018-09-27,8640
102.0,2018-09-27,10780
102.0,2018-09-27,4380
102.0,2018-09-27,6800
102.0,2018-09-27,2592
102.0,2018-09-27,7560
33.0,2018-09-27,4356
102.0,2018-09-28,0
102.0,2018-09-28,8964
33.0,2018-09-28,0
33.0,2018-09-28,5545555
33.0,2018-09-28,4558
33.0,2018-09-28,123654
33.0,2018-09-28,8544
33.0,2018-09-28,45632
33.0,2018-09-28,12354
33.0,2018-09-28,123654
33.0,2018-09-28,45698
33.0,2018-09-28,125478
33.0,2018-09-28,123654
33.0,2018-09-28,587422369
33.0,2018-09-28,2415
33.0,2018-09-28,123654
33.0,2018-09-28,123654
33.0,2018-09-28,0
33.0,2018-09-28,25632
33.0,2018-09-28,14536
102.0,2018-09-28,7128
102.0,2018-09-28,8640
102.0,2018-09-28,324
102.0,2018-09-28,9180
102.0,2018-09-28,6200
33.0,2018-09-28,678998
33.0,2018-09-28,788990
33.0,2018-09-28,0
33.0,2018-09-28,0
102.0,2018-09-28,8640
102.0,2018-09-28,5360
33.0,2018-09-28,888
33.0,2018-09-29,45664467635
33.0,2018-09-29,5677766
33.0,2018-09-29,0
33.0,2018-09-29,0
33.0,2018-09-29,0
33.0,2018-09-29,66764
33.0,2018-09-29,0
33.0,2018-09-29,0
33.0,2018-09-29,0
33.0,2018-09-29,0
33.0,2018-09-29,0
102.0,2018-11-30,6480
102.0,2018-11-30,6480
102.0,2018-11-30,2700
102.0,2018-11-30,6912
102.0,2018-11-30,7776
102.0,2018-12-01,8640
102.0,2018-09-29,7560
102.0,2018-09-29,5400
102.0,2018-09-29,2700
102.0,2018-09-29,8300
102.0,2018-09-29,7884
102.0,2018-09-29,7000
102.0,2018-09-30,6480
102.0,2018-09-30,8640
102.0,2018-09-30,8740
102.0,2018-10-01,7000
102.0,2018-10-01,6800
102.0,2018-10-01,3240
102.0,2018-10-01,8640
102.0,2018-10-03,7160
102.0,2018-10-03,3240
102.0,2018-10-03,8640
102.0,2018-10-03,8964
102.0,2018-10-03,8640
33.0,2018-10-03,0
102.0,2018-10-03,4800
102.0,2018-10-03,6100
102.0,2018-10-03,8640
102.0,2018-10-04,9960
102.0,2018-10-04,9392
102.0,2018-10-04,8640
102.0,2018-10-04,0
102.0,2018-10-04,7128
102.0,2018-10-04,8300
102.0,2018-10-04,7560
102.0,2018-10-04,10044
102.0,2018-10-04,4800
102.0,2018-10-04,12960
102.0,2018-10-05,5500
102.0,2018-10-05,5660
102.0,2018-10-05,8300
102.0,2018-10-05,18144
102.0,2018-10-06,8640
102.0,2018-10-07,9288
102.0,2018-10-06,8640
102.0,2018-10-06,0
102.0,2018-10-06,2160
102.0,2018-10-06,8300
102.0,2018-10-06,8640
102.0,2018-10-06,8640
102.0,2018-10-06,4800
102.0,2018-10-06,11000
102.0,2018-10-07,10800
102.0,2018-10-07,2000
102.0,2018-10-07,7560
102.0,2018-10-07,0
102.0,2018-10-07,6480
102.0,2018-10-07,6804
102.0,2018-10-08,4800
102.0,2018-10-08,4660
102.0,2018-10-08,8300
102.0,2018-10-08,6000
33.0,2018-10-08,466666
33.0,2018-10-08,78888
33.0,2018-10-08,67887
102.0,2018-10-08,8300
33.0,2018-10-08,8888
102.0,2018-10-08,13396
102.0,2018-10-08,3240
33.0,2018-10-08,457655
33.0,2018-10-08,87978
33.0,2018-10-08,2500
33.0,2018-10-08,5300
33.0,2018-10-26,0
102.0,2018-10-26,8964
33.0,2018-10-08,0
102.0,2018-10-09,8160
102.0,2018-10-09,6840
33.0,2018-10-09,56667
33.0,2018-10-09,1010
33.0,2018-10-09,4500
33.0,2018-10-09,1200
33.0,2018-10-09,1200
33.0,2018-10-09,5600
33.0,2018-10-09,2300
33.0,2018-10-09,4589
33.0,2018-10-09,0
102.0,2018-10-10,8640
102.0,2018-10-10,8640
102.0,2018-10-10,7448
33.0,2018-10-10,1200
33.0,2018-10-10,1200
33.0,2018-10-10,700
33.0,2018-10-10,3600
33.0,2018-10-10,5600
33.0,2018-10-10,6700
33.0,2018-10-10,7800
33.0,2018-10-10,6700
33.0,2018-10-09,23455
33.0,2018-10-09,23455
33.0,2018-10-09,0
33.0,2018-10-09,0
33.0,2018-10-09,0
33.0,2018-10-09,0
33.0,2018-10-10,4500
33.0,2018-10-10,3100
33.0,2018-10-10,2300
33.0,2018-10-10,6700
33.0,2018-10-10,5600
33.0,2018-10-10,450
33.0,2018-10-10,4567
33.0,2018-10-10,234
33.0,2018-10-10,450
33.0,2018-10-10,0
33.0,2018-10-10,2300
33.0,2018-10-10,3200
33.0,2018-10-10,4500
33.0,2018-10-10,3400
33.0,2018-10-10,0
33.0,2018-10-10,0
33.0,2018-10-10,0
102.0,2018-10-10,7556
33.0,2018-10-10,3400
33.0,2018-10-10,0
102.0,2018-10-10,7560
33.0,2018-10-10,4500
33.0,2018-10-10,0
33.0,2018-10-10,0
33.0,2018-10-10,2300
33.0,2018-10-10,4500
102.0,2018-10-11,10000
102.0,2018-10-11,17604
102.0,2018-10-11,0
33.0,2018-10-11,4500
33.0,2018-10-11,2300
33.0,2018-10-11,1200
33.0,2018-10-11,1100
33.0,2018-10-11,3400
33.0,2018-10-11,0
33.0,2018-10-11,0
33.0,2018-10-11,0
33.0,2018-10-11,0
33.0,2018-10-11,0
33.0,2018-10-11,0
33.0,2018-10-11,0
102.0,2018-10-11,6700
102.0,2018-10-11,7024
102.0,2018-10-12,10800
102.0,2018-10-12,6800
102.0,2018-10-11,8140
102.0,2018-10-12,8640
102.0,2018-10-14,6704
102.0,2018-10-14,6480
102.0,2018-10-14,0
102.0,2018-10-14,24840
102.0,2018-10-14,8100
102.0,2018-10-14,4300
102.0,2018-10-14,4300
102.0,2018-10-14,8640
102.0,2018-10-14,6280
102.0,2018-10-14,7740
102.0,2018-10-14,2700
102.0,2018-10-15,0
102.0,2018-10-15,6480
102.0,2018-10-15,7020
102.0,2018-10-15,8640
102.0,2018-10-15,3800
102.0,2018-10-15,856
102.0,2018-10-15,3240
102.0,2018-10-17,2700
102.0,2018-10-17,13068
102.0,2018-10-17,6480
102.0,2018-10-17,0
102.0,2018-10-17,4000
102.0,2018-10-17,7315
102.0,2018-10-17,6480
102.0,2018-10-18,18360
102.0,2018-10-18,9936
102.0,2018-10-18,8640
102.0,2018-10-26,0
102.0,2018-10-18,9068
102.0,2018-10-18,8964
102.0,2018-10-19,6480
102.0,2018-10-19,8640
102.0,2018-10-19,2160
102.0,2018-10-19,8964
102.0,2018-10-19,0
102.0,2018-10-19,6480
102.0,2018-10-19,8640
102.0,2018-10-19,7640
102.0,2018-10-20,2160
102.0,2018-10-20,6480
102.0,2018-10-20,4900
102.0,2018-10-20,8100
102.0,2018-10-20,6500
102.0,2018-10-20,6800
102.0,2018-10-20,3000
102.0,2018-10-20,6800
102.0,2018-10-20,6800
102.0,2018-10-20,4320
102.0,2018-10-20,7640
102.0,2018-10-20,2160
102.0,2018-10-20,3000
102.0,2018-10-20,11984
102.0,2018-10-20,6480
102.0,2018-10-20,6800
102.0,2018-10-21,5400
102.0,2018-10-21,8640
102.0,2018-10-21,0
102.0,2018-10-21,0
102.0,2018-10-21,6804
102.0,2018-10-21,12060
102.0,2018-10-21,8964
102.0,2018-10-21,0
102.0,2018-10-21,2160
102.0,2018-10-21,5400
102.0,2018-10-21,2700
102.0,2018-10-21,9072
102.0,2018-10-22,45000
102.0,2018-10-22,6804
102.0,2018-10-22,8640
102.0,2018-10-22,0
102.0,2018-10-22,7000
102.0,2018-10-22,7124
102.0,2018-10-22,8640
102.0,2018-10-22,6500
102.0,2018-10-22,8300
102.0,2018-10-24,0
102.0,2018-10-24,15444
102.0,2018-10-24,8300
102.0,2018-10-24,5080
102.0,2018-10-24,7124
102.0,2018-10-24,6700
102.0,2018-10-24,8640
102.0,2018-10-24,6480
102.0,2018-10-24,8000
102.0,2018-10-25,8640
102.0,2018-10-25,0
102.0,2018-10-25,7560
102.0,2018-10-25,5200
102.0,2018-10-25,4300
33.0,2018-10-27,0
102.0,2018-10-26,0
102.0,2018-10-26,0
102.0,2018-10-26,0
33.0,,0
33.0,2018-10-27,0
33.0,2018-10-27,0
33.0,2018-10-27,0
33.0,2018-10-27,0
33.0,,0
33.0,2018-10-27,0
33.0,2018-10-27,0
33.0,2018-10-27,0
33.0,2018-10-27,4000
33.0,2018-10-27,0
33.0,2018-11-29,0
102.0,2018-10-27,0
102.0,2018-10-27,0
102.0,2018-10-27,0
102.0,2018-10-27,0
102.0,2018-10-27,0
102.0,2018-10-27,0
102.0,2018-10-27,0
102.0,2018-10-28,0
102.0,2018-10-28,4900
102.0,2018-10-28,6912
102.0,2018-10-28,6340
102.0,2018-10-28,3000
102.0,2018-10-28,12688
102.0,2018-10-28,5184
102.0,2018-10-28,8648
102.0,2018-10-28,4600
102.0,2018-10-28,4900
33.0,2018-10-29,147260363
33.0,2018-10-29,147258963
33.0,2018-10-29,147258963
33.0,2018-10-29,147308963
33.0,2018-10-29,147260163
33.0,2018-10-29,2600
33.0,2018-10-29,1200
33.0,2018-10-29,1200
33.0,2018-10-29,51200
33.0,2018-10-29,2400
33.0,2018-10-29,2500
33.0,2018-10-29,1100
33.0,2018-10-29,1100
33.0,2018-10-29,51100
33.0,2018-10-29,2300
33.0,2018-10-29,1400
33.0,2018-10-29,0
33.0,2018-10-29,0
33.0,2018-10-29,50000
33.0,2018-10-29,1200
33.0,2018-10-29,0
33.0,2018-10-29,0
33.0,2018-10-29,0
33.0,2018-10-29,0
33.0,2018-10-29,0
33.0,2018-10-29,0
33.0,2018-10-29,0
33.0,2018-10-29,0
33.0,2018-10-29,0
33.0,2018-10-29,0
33.0,2018-10-30,2300
33.0,2018-10-30,8300
33.0,2018-10-30,4300
33.0,2018-10-30,0
33.0,2018-10-30,0
33.0,2018-10-30,0
33.0,2018-10-30,0
33.0,2018-10-30,0
33.0,2018-10-30,0
33.0,2018-10-30,0
33.0,2018-10-30,2300
33.0,2018-10-30,2300
33.0,2018-10-30,2300
33.0,2018-10-30,0
33.0,2018-10-30,0
33.0,2018-10-30,0
33.0,2018-10-30,4800
33.0,2018-10-30,2500
33.0,2018-10-30,2300
33.0,2018-10-30,0
33.0,2018-10-30,2300
33.0,2018-10-30,0
33.0,2018-10-30,0
33.0,2018-10-30,0
33.0,2018-10-30,0
33.0,2018-10-30,0
33.0,2018-10-30,0
33.0,2018-10-30,0
33.0,2018-10-30,0
33.0,2018-10-30,0
33.0,2018-10-30,0
33.0,2018-10-30,0
33.0,2018-10-31,12000
33.0,2018-10-31,12000
33.0,2018-10-31,5000
33.0,2018-10-31,5000
33.0,2018-10-31,1300
33.0,2018-10-31,1300
33.0,2018-10-31,3300
33.0,2018-10-31,3300
33.0,2018-10-31,0
33.0,2018-10-31,0
33.0,2018-10-31,0
33.0,2018-10-31,0
33.0,2018-10-31,0
33.0,2018-10-31,0
33.0,2018-10-31,0
33.0,2018-10-31,0
33.0,2018-10-31,0
33.0,2018-10-31,0
33.0,2018-10-31,0
33.0,2018-10-31,0
33.0,2018-10-31,0
33.0,2018-10-31,0
33.0,2018-10-31,0
33.0,2018-10-31,0
33.0,2018-10-31,0
33.0,2018-10-31,0
33.0,2018-10-31,0
33.0,2018-10-31,0
33.0,2018-10-31,0
33.0,2018-10-31,5500
33.0,2018-10-31,5500
33.0,2018-10-31,4600
33.0,2018-10-31,2100
33.0,2018-10-31,2100
33.0,2018-10-31,125956
33.0,2018-10-31,123456
33.0,2018-10-31,123456
33.0,2018-10-31,2500
33.0,2018-10-31,0
33.0,2018-10-31,0
33.0,2018-10-31,2500
33.0,2018-10-31,0
33.0,2018-10-31,0
33.0,2018-10-31,2300
33.0,2018-10-31,0
33.0,2018-10-31,10368
33.0,2018-10-31,9064
33.0,2018-10-31,130
33.0,2018-10-31,10498
33.0,2018-10-31,9194
33.0,2018-10-31,435234
33.0,2018-10-31,0
33.0,2018-10-31,6900
33.0,2018-10-31,6900
33.0,2018-10-31,0
33.0,2018-10-31,0
33.0,2018-10-31,0
33.0,2018-10-31,0
33.0,2018-10-31,0
33.0,2018-10-31,0
33.0,2018-10-31,0
33.0,2018-10-31,0
102.0,2018-11-01,8948
33.0,2018-11-01,12000
33.0,2018-11-01,12000
33.0,2018-11-01,12000
33.0,2018-11-01,12000
33.0,2018-11-01,12300
33.0,2018-11-01,12300
33.0,2018-11-01,12300
33.0,2018-11-01,12300
33.0,2018-11-01,4500
33.0,2018-11-01,4500
33.0,2018-11-01,4500
33.0,2018-11-01,4500
33.0,2018-11-01,0
33.0,2018-11-01,0
33.0,2018-11-01,0
33.0,2018-11-01,0
33.0,2018-11-01,0
33.0,2018-11-01,0
33.0,2018-11-01,0
33.0,2018-11-01,0
33.0,2018-11-01,0
33.0,2018-11-01,0
33.0,2018-11-01,0
33.0,2018-11-01,0
33.0,2018-11-01,0
33.0,2018-11-01,0
33.0,2018-11-01,0
33.0,2018-11-01,0
33.0,2018-11-01,0
33.0,2018-11-01,0
33.0,2018-11-01,0
33.0,2018-11-01,0
33.0,2018-11-01,0
33.0,2018-11-01,0
33.0,2018-11-01,0
33.0,2018-11-01,0
33.0,2018-11-01,0
33.0,2018-11-01,5500
33.0,2018-11-01,2100
33.0,2018-11-01,4100
33.0,2018-11-01,3400
33.0,2018-11-01,0
33.0,2018-11-01,2000
33.0,2018-11-01,0
33.0,2018-11-01,0
102.0,2018-11-01,8000
102.0,2018-11-01,6912
102.0,2018-11-01,21600
102.0,2018-11-01,3900
33.0,2018-11-01,5000
33.0,2018-11-01,5000
33.0,2018-11-01,0
33.0,2018-11-01,0
33.0,2018-11-01,0
33.0,2018-11-01,0
102.0,2018-11-01,9404
33.0,2018-11-01,2300
33.0,2018-11-01,0
33.0,2018-11-01,2000
33.0,2018-11-01,3300
33.0,2018-11-01,5200
33.0,2018-11-01,2000
33.0,2018-11-01,4400
33.0,2018-11-01,5700
33.0,2018-11-01,7600
33.0,2018-11-01,4400
102.0,2018-11-01,7776
102.0,2018-11-01,9396
102.0,2018-11-01,324
33.0,2018-11-01,100
33.0,2018-11-01,200
33.0,2018-11-01,200
33.0,2018-11-01,400
33.0,2018-11-01,600
33.0,2018-11-01,600
33.0,2018-11-01,1200
33.0,2018-11-01,200
33.0,2018-11-01,800
33.0,2018-11-01,300
33.0,2018-11-01,260
33.0,2018-11-02,200
102.0,2018-11-02,5500
102.0,2018-11-02,7556
33.0,2018-11-02,3000
33.0,2018-11-02,2000
33.0,2018-11-02,2000
102.0,2018-11-02,8300
102.0,2018-11-02,5180
102.0,2018-11-02,8872
102.0,2018-11-02,6480
33.0,2018-11-02,0
102.0,2018-11-02,6800
33.0,2018-11-02,0
33.0,2018-11-02,0
102.0,2018-11-02,8100
33.0,2018-11-02,680
33.0,2018-11-02,0
33.0,2018-11-02,0
33.0,2018-11-02,0
33.0,2018-11-02,0
33.0,2018-11-02,0
33.0,2018-11-02,0
33.0,2018-11-02,680
33.0,2018-11-02,0
33.0,2018-11-02,0
33.0,2018-11-02,0
33.0,2018-11-02,0
33.0,2018-11-02,0
33.0,2018-11-02,0
33.0,2018-11-02,680
33.0,2018-11-02,0
33.0,2018-11-02,0
33.0,2018-11-02,0
33.0,2018-11-02,0
33.0,2018-11-02,0
33.0,2018-11-02,0
33.0,2018-11-02,680
33.0,2018-11-02,0
33.0,2018-11-02,0
33.0,2018-11-02,0
33.0,2018-11-02,0
33.0,2018-11-02,0
33.0,2018-11-02,0
33.0,2018-11-02,680
33.0,2018-11-02,0
33.0,2018-11-02,0
33.0,2018-11-02,0
33.0,2018-11-02,0
33.0,2018-11-02,0
33.0,2018-11-02,0
33.0,2018-11-02,680
33.0,2018-11-02,0
33.0,2018-11-02,0
33.0,2018-11-02,0
33.0,2018-11-02,0
33.0,2018-11-02,0
33.0,2018-11-02,0
33.0,2018-11-02,680
33.0,2018-11-02,0
33.0,2018-11-02,0
33.0,2018-11-02,0
33.0,2018-11-02,0
33.0,2018-11-02,0
33.0,2018-11-02,0
33.0,2018-11-02,0
33.0,2018-11-02,0
33.0,2018-11-02,0
33.0,2018-11-02,0
33.0,2018-11-02,0
33.0,2018-11-02,4000
33.0,2018-11-02,0
102.0,2018-11-03,8640
102.0,2018-11-03,5500
102.0,2018-11-03,23004
102.0,2018-11-03,7000
102.0,2018-11-03,4500
102.0,2018-11-03,8640
102.0,2018-11-03,4324
102.0,2018-11-03,5500
102.0,2018-11-03,6300
102.0,2018-11-03,3500
102.0,2018-11-03,0
102.0,2018-11-03,324
33.0,2018-11-03,0
33.0,2018-11-03,5000
102.0,2018-11-04,8640
102.0,2018-11-04,6500
102.0,2018-11-04,208640
102.0,2018-11-04,4800
102.0,2018-11-04,4800
102.0,2018-11-04,4300
102.0,2018-11-04,6800
102.0,2018-11-05,6480
102.0,2018-11-05,6800
102.0,2018-11-05,6800
102.0,2018-11-05,8067
102.0,2018-11-05,8640
102.0,2018-11-05,8756
33.0,2018-11-26,4545
33.0,2018-11-26,0
33.0,2018-11-15,0
33.0,2018-12-24,0
102.0,2018-11-05,8640
102.0,2018-11-05,2160
33.0,2019-01-10,0
102.0,2018-11-05,15120
33.0,2018-11-05,2600
33.0,2018-11-05,53753
33.0,2018-11-05,3100
33.0,2018-11-05,2600
33.0,2018-11-05,53753
33.0,2018-11-05,3100
33.0,2018-11-05,2600
33.0,2018-11-05,53753
33.0,2018-11-05,3100
33.0,2018-11-05,3411
33.0,2018-11-05,54564
33.0,2018-11-05,3911
33.0,2018-11-05,4430
33.0,2018-11-05,55583
33.0,2018-11-05,4930
33.0,2018-11-05,5000
33.0,2018-11-06,0
102.0,2018-11-06,9180
102.0,2018-11-06,8856
102.0,2018-11-06,3500
102.0,2018-11-06,3000
102.0,2018-11-06,8640
102.0,2018-11-06,9288
102.0,2018-11-06,6480
102.0,2018-11-07,8208
102.0,2018-11-07,8640
102.0,2018-11-07,7016
102.0,2018-11-07,8640
102.0,2018-11-07,14480
102.0,2018-11-07,3500
102.0,2018-11-07,7560
102.0,2018-11-07,12960
33.0,2018-11-07,7878
33.0,2018-11-07,0
102.0,2018-11-07,12552
102.0,2018-11-07,7236
102.0,2018-11-08,5680
102.0,2018-11-08,14144
102.0,2018-11-08,7664
102.0,2018-11-08,11880
102.0,2018-11-08,7560
102.0,,0
102.0,2018-11-08,7772
102.0,2018-11-08,8300
102.0,2018-11-09,5184
102.0,2018-11-09,8549
102.0,2018-11-10,7664
102.0,2018-11-10,8964
102.0,2018-11-10,6700
102.0,2018-11-10,2800
102.0,2018-11-10,7344
102.0,2018-11-10,8340
102.0,2018-11-10,6600
102.0,,0
102.0,2018-11-10,7124
102.0,2018-11-10,9504
102.0,2018-11-12,8640
102.0,2018-11-12,8640
102.0,2018-11-12,8964
102.0,2018-11-12,4900
102.0,2018-11-12,5940
102.0,2018-11-12,8160
102.0,2018-11-12,7344
102.0,2018-11-12,7344
33.0,2018-11-12,8400
102.0,2018-11-12,0
102.0,2018-11-12,6380
102.0,2018-11-13,0
102.0,2018-11-14,8300
102.0,2018-11-14,3500
102.0,2018-11-14,7000
33.0,2018-11-14,0
102.0,2018-11-14,7344
102.0,2018-11-14,5980
33.0,2018-11-14,3000
102.0,2018-11-15,7672
102.0,2018-11-15,0
102.0,2018-11-15,18360
102.0,2018-11-15,6800
102.0,2018-11-15,7560
102.0,2018-11-15,7560
102.0,2018-11-15,7776
102.0,2018-11-15,8316
102.0,2018-11-15,3780
102.0,2018-11-15,6696
102.0,2018-11-15,3780
102.0,2018-11-16,5300
102.0,2018-11-16,3024
102.0,2018-11-16,8640
102.0,2018-11-16,2160
102.0,2018-11-16,8640
102.0,2018-11-16,7430
102.0,2018-11-16,4500
102.0,2018-11-16,6380
102.0,2018-11-16,5500
102.0,2018-11-16,7020
102.0,2018-11-16,6156
102.0,2018-11-16,4800
102.0,2018-11-16,2700
33.0,2018-11-16,4500
102.0,2018-11-17,1590
102.0,2018-11-17,7776
102.0,2018-11-17,6480
102.0,2018-11-17,7776
102.0,2018-11-17,6480
102.0,2018-11-17,0
102.0,2018-11-17,4320
102.0,2018-11-18,6264
102.0,2018-11-18,5940
102.0,2018-11-18,7344
102.0,2018-11-18,7020
102.0,2018-11-18,8640
102.0,2018-11-18,15752
102.0,2018-11-18,6480
102.0,2018-11-18,7020
102.0,2018-11-18,6580
102.0,2018-11-18,8640
102.0,2018-11-18,200000
102.0,2018-11-18,6804
102.0,2018-11-18,6480
33.0,2018-11-18,0
102.0,2018-11-19,3780
102.0,2018-11-19,0
102.0,2018-11-19,7560
102.0,2018-11-19,7560
33.0,2018-11-30,21332
33.0,2018-11-30,21332
33.0,2018-11-30,21332
33.0,2018-11-30,21332
33.0,2018-11-30,21221
33.0,2018-11-30,21221
33.0,2018-11-30,21221
33.0,2018-11-30,21221
33.0,2018-11-30,21210
33.0,2018-11-30,21210
33.0,2018-11-30,21210
33.0,2018-11-30,21210
102.0,2018-11-19,9936
102.0,2018-11-19,6800
102.0,2018-11-19,8640
102.0,2018-11-19,7560
102.0,2018-11-19,7000
102.0,2018-11-19,6912
102.0,2018-11-19,0
102.0,2018-11-19,3000
33.0,2018-11-19,0
33.0,2018-11-19,0
102.0,2018-11-19,10152
102.0,2018-11-19,2160
102.0,2018-11-20,18360
102.0,2018-11-20,3500
102.0,2018-11-20,9288
102.0,2018-11-20,6480
102.0,2018-11-21,0
102.0,2018-11-21,8000
102.0,2018-11-21,0
102.0,2018-11-21,14256
102.0,2018-11-22,12312
102.0,2018-11-22,6800
102.0,2018-11-22,6480
33.0,2018-11-22,0
33.0,2018-11-22,7054
33.0,2018-11-22,7276
102.0,2018-11-22,12328
102.0,2018-11-22,12276
33.0,2018-11-22,7490
33.0,2018-11-22,7800
102.0,2018-11-23,8640
102.0,2018-11-23,6800
102.0,2018-11-23,3780
102.0,2018-11-23,8440
33.0,2018-11-23,0
102.0,2018-11-23,12140
102.0,2018-11-29,0
33.0,2018-11-23,26990
102.0,2018-11-23,2700
102.0,2018-11-23,4104
102.0,2018-11-23,5832
33.0,2018-11-23,10400
102.0,2018-11-23,7776
33.0,2018-11-23,0
33.0,2018-11-23,472
33.0,2018-11-23,0
33.0,2018-11-23,0
33.0,2018-11-23,0
33.0,2018-11-24,668
33.0,2018-11-24,2300
33.0,2018-11-24,0
102.0,2018-11-24,0
102.0,2018-11-24,6500
102.0,2018-11-24,7452
102.0,2018-11-24,3240
102.0,2018-11-24,9412
102.0,2018-11-24,5832
102.0,2018-11-24,4500
102.0,2018-11-24,4000
102.0,2018-11-24,7776
102.0,2018-11-24,3500
33.0,2018-11-25,0
33.0,2018-11-25,12900
102.0,2018-11-26,6480
102.0,2018-11-26,6756
102.0,2018-11-26,144500
102.0,2018-11-26,140540
102.0,2018-11-26,13464
102.0,2018-11-26,9504
33.0,2018-11-26,12100
33.0,2018-11-26,55100
33.0,2018-11-26,9100
33.0,2018-11-26,52100
33.0,2018-11-26,22000
33.0,2018-11-26,65000
33.0,2018-11-26,19000
33.0,2018-11-26,62000
102.0,2018-11-26,7776
102.0,2018-11-26,7800
102.0,2018-11-26,3500
102.0,2018-11-26,7776
33.0,2018-11-26,4000
102.0,2018-11-26,3500
33.0,2018-11-27,300
33.0,2018-11-27,7010
33.0,2018-11-27,7020
33.0,2018-11-27,2020
33.0,2018-11-27,2020
33.0,2018-11-27,7035
33.0,2018-11-27,2035
33.0,2018-11-27,2035
33.0,2018-11-27,8000
33.0,2018-11-27,3000
33.0,2018-11-27,3000
102.0,2018-07-20,140000
102.0,2018-08-29,1
102.0,2018-11-28,4900
102.0,2018-11-28,4000
102.0,2018-11-28,6800
102.0,2018-11-28,8040
102.0,2018-11-28,0
102.0,2018-11-28,6264
102.0,2018-11-28,4900
102.0,2018-11-28,6800
33.0,2018-11-28,0
33.0,2018-11-28,4543
102.0,2018-11-28,8964
102.0,2018-11-28,4000
102.0,2018-11-28,8640
102.0,2018-11-28,7400
102.0,2018-11-28,6998
102.0,2018-11-28,11340
102.0,2018-11-28,5400
102.0,2018-11-28,3240
102.0,2018-12-01,7776
102.0,2018-11-29,7020
102.0,2018-11-29,3780
102.0,,0
102.0,2018-11-29,23220
102.0,2018-11-29,6400
102.0,2018-11-29,3240
33.0,2018-11-29,3434
102.0,2018-11-29,11880
102.0,2018-11-29,0
33.0,2018-11-29,0
102.0,2018-11-29,7560
33.0,2018-09-03,11100
33.0,2018-09-03,11100
102.0,2018-12-01,8640
102.0,2018-07-27,140000
102.0,2018-12-01,0
102.0,2018-12-01,7200
102.0,2018-12-01,8640
102.0,2018-12-01,5660
102.0,2018-12-01,3000
102.0,2018-12-02,8640
102.0,2018-12-02,6440
102.0,2018-12-02,6480
102.0,2018-12-02,8000
102.0,2018-12-02,4800
102.0,2018-12-02,8300
102.0,2018-12-02,2160
102.0,2018-12-02,6260
102.0,2018-12-02,7560
102.0,,0
102.0,2018-12-02,3500
102.0,2018-12-02,3500
102.0,2018-12-03,4624
33.0,2018-12-03,12423
33.0,2018-12-03,12423
102.0,2018-12-03,4500
102.0,2018-12-03,3000
102.0,2018-12-03,13392
102.0,2018-12-03,0
33.0,2018-12-04,65000
33.0,2018-12-04,75000
33.0,2018-12-04,670
102.0,2018-12-05,8640
102.0,2018-12-05,8300
33.0,2018-12-05,2122
33.0,2018-12-05,7122
33.0,2018-12-05,10122
33.0,2018-12-05,3000
33.0,2018-12-05,8000
33.0,2018-12-05,11000
102.0,2018-12-05,4500
102.0,2018-12-05,8640
102.0,2018-12-05,4900
102.0,2018-12-17,9720
102.0,2018-12-05,5880
33.0,2018-12-05,0
102.0,2018-12-05,8640
102.0,2018-12-05,8300
102.0,2018-12-06,8100
102.0,2018-12-06,3500
102.0,2018-12-07,8340
102.0,2018-12-07,0
102.0,2018-12-06,6156
102.0,2018-12-06,5800
102.0,2018-12-06,2440
102.0,2018-12-06,6804
102.0,2018-12-06,4860
102.0,2018-12-08,4300
102.0,2018-12-08,8640
102.0,2018-12-08,4800
102.0,2018-12-08,8640
102.0,2018-12-08,11340
102.0,2018-12-08,4900
102.0,2018-12-08,4300
102.0,2018-12-08,0
102.0,2018-12-08,8300
102.0,2018-12-08,9504
102.0,2018-12-08,8100
102.0,2018-12-08,5832
102.0,2018-12-07,7290
102.0,2018-12-09,18360
102.0,2018-12-09,6480
102.0,2018-12-09,6372
102.0,2018-12-09,8424
102.0,2018-12-10,8640
102.0,2018-12-10,7776
102.0,2018-12-10,8640
102.0,2018-12-10,10800
33.0,2018-12-10,14800
33.0,2018-12-10,14800
33.0,2018-12-10,9800
33.0,2018-12-10,54800
33.0,2018-12-10,12200
33.0,2018-12-10,12200
33.0,2018-12-10,7200
33.0,2018-12-10,52200
33.0,2018-12-10,15200
33.0,2018-12-10,15200
33.0,2018-12-10,10200
33.0,2018-12-10,55200
33.0,2018-12-10,11436
33.0,2018-12-10,11436
33.0,2018-12-10,6436
33.0,2018-12-10,51436
33.0,2018-12-10,16600
33.0,2018-12-10,16600
33.0,2018-12-10,11600
33.0,2018-12-10,56600
33.0,2018-12-10,14000
33.0,2018-12-10,14000
33.0,2018-12-10,9000
33.0,2018-12-10,54000
33.0,2018-12-10,17000
33.0,2018-12-10,17000
33.0,2018-12-10,12000
33.0,2018-12-10,57000
33.0,2018-12-10,13236
33.0,2018-12-10,13236
33.0,2018-12-10,8236
33.0,2018-12-10,53236
33.0,2018-12-10,15931
33.0,2018-12-10,15931
33.0,2018-12-10,10931
33.0,2018-12-10,55931
33.0,2018-12-10,13331
33.0,2018-12-10,13331
33.0,2018-12-10,8331
33.0,2018-12-10,53331
33.0,2018-12-10,16331
33.0,2018-12-10,16331
33.0,2018-12-10,11331
33.0,2018-12-10,56331
33.0,2018-12-10,12567
33.0,2018-12-10,12567
33.0,2018-12-10,7567
33.0,2018-12-10,52567
33.0,2018-12-10,15711
33.0,2018-12-10,15711
33.0,2018-12-10,10711
33.0,2018-12-10,55711
33.0,2018-12-10,13111
33.0,2018-12-10,13111
33.0,2018-12-10,8111
33.0,2018-12-10,53111
33.0,2018-12-10,16111
33.0,2018-12-10,16111
33.0,2018-12-10,11111
33.0,2018-12-10,56111
33.0,2018-12-10,12347
33.0,2018-12-10,12347
33.0,2018-12-10,7347
33.0,2018-12-10,52347
102.0,2018-12-10,8300
102.0,2018-12-10,7676
33.0,2018-12-10,0
33.0,2018-12-10,65000
33.0,2018-12-10,65000
33.0,2018-12-10,65000
33.0,2018-12-10,20000
33.0,2018-12-10,65000
33.0,2018-12-10,65000
33.0,2018-12-10,65000
33.0,2018-12-10,20000
33.0,2018-12-10,70000
33.0,2018-12-10,70000
33.0,2018-12-10,70000
33.0,2018-12-10,25000
33.0,2018-12-10,70000
33.0,2018-12-10,70000
33.0,2018-12-10,70000
33.0,2018-12-10,25000
33.0,2018-12-10,65000
33.0,2018-12-10,65000
33.0,2018-12-10,85000
33.0,2018-12-11,29100
33.0,2018-12-11,32600
33.0,2018-12-11,27111
33.0,2018-12-11,27111
33.0,2018-12-11,27100
102.0,2018-12-11,4900
102.0,2018-12-11,0
102.0,2018-12-11,10160
102.0,2018-12-11,6480
102.0,2018-12-11,6804
102.0,2018-07-20,270000
102.0,2018-08-20,1
102.0,2018-12-13,18360
102.0,2018-12-11,8640
102.0,2018-12-11,16200
102.0,2018-12-11,17844
102.0,2018-12-11,3500
102.0,2018-12-12,6480
102.0,2018-12-12,7560
102.0,2018-12-12,4500
102.0,2018-12-12,3780
102.0,2018-12-12,7776
102.0,2018-12-12,8300
102.0,2018-12-13,7776
102.0,2018-12-13,7020
102.0,2018-12-13,2700
102.0,2018-12-13,5832
102.0,2018-12-14,8640
102.0,2018-12-14,5800
102.0,2018-12-14,8640
102.0,2018-12-14,7160
102.0,2018-12-14,6480
102.0,2018-12-14,10260
102.0,2018-12-14,7280
102.0,2018-12-14,8640
102.0,2018-12-14,7800
102.0,2018-12-15,6480
102.0,2018-12-15,6480
102.0,2018-12-15,6480
102.0,2018-12-15,6480
102.0,2018-12-15,8640
102.0,2018-12-15,6480
102.0,2018-12-15,9180
102.0,2018-12-17,7884
102.0,2018-12-17,4900
102.0,2018-12-17,6280
102.0,2018-12-17,4900
102.0,2018-12-17,7800
102.0,2018-12-17,7560
102.0,2018-12-17,8000
102.0,2018-12-17,8000
102.0,2018-12-19,8624
102.0,2018-12-19,6400
102.0,2018-12-19,6480
102.0,2018-12-19,0
102.0,2018-12-19,8300
102.0,2018-12-19,1512
102.0,2018-12-19,7800
102.0,2018-12-19,8640
102.0,2018-12-19,0
102.0,2018-12-20,8100
102.0,2018-12-20,7020
102.0,2018-12-20,8640
102.0,2018-12-20,16320
102.0,2018-12-20,540
102.0,2018-12-20,8300
102.0,2018-12-20,3300
102.0,2018-12-20,7800
102.0,2018-12-20,5780
102.0,2018-12-20,11340
102.0,2018-12-20,8040
102.0,2018-12-21,10260
102.0,2018-12-21,3780
102.0,2018-12-21,8640
102.0,2018-12-21,3500
102.0,2018-12-21,10160
33.0,2018-12-21,7000
102.0,2018-12-21,7600
102.0,2018-12-21,6912
102.0,2018-12-21,8640
102.0,2018-12-21,3500
102.0,2018-12-22,3780
102.0,2018-12-22,1296
102.0,2018-12-22,8748
102.0,2018-12-22,6804
102.0,2018-12-22,6000
102.0,2018-12-22,0
102.0,2018-12-22,7776
102.0,2018-12-22,4800
102.0,2018-12-22,4500
102.0,2018-12-22,6804
102.0,2018-12-22,3500
102.0,2018-12-22,9380
102.0,2018-12-22,12960
102.0,2018-12-23,0
102.0,2018-12-23,7560
102.0,2018-12-23,5300
102.0,2018-12-23,8640
102.0,2018-12-23,4900
102.0,2018-12-23,6480
102.0,2018-12-23,3500
102.0,2018-12-23,7452
102.0,2018-12-23,6480
102.0,2018-12-23,3500
102.0,2018-12-23,7448
102.0,2018-12-23,10260
102.0,2018-12-23,5500
102.0,2018-12-24,3500
102.0,2018-12-24,0
102.0,2018-12-24,3500
102.0,2018-12-24,3500
102.0,2018-12-24,10368
102.0,2018-12-24,5000
102.0,2018-12-24,3000
102.0,2018-12-24,5200
102.0,2018-12-24,8840
102.0,2018-12-24,8100
102.0,2018-12-24,8300
102.0,2018-12-24,6480
33.0,2018-12-25,5000
33.0,2018-12-25,19553
33.0,2018-12-25,0
102.0,2018-12-26,7560
33.0,2018-12-26,0
102.0,2018-12-26,9288
102.0,2018-12-26,6480
102.0,2018-12-26,3500
102.0,2018-12-26,8640
102.0,2018-12-26,5832
102.0,2018-12-26,6480
102.0,2018-12-26,2740
102.0,2018-12-26,8640
102.0,2018-12-26,9180
102.0,2018-12-26,7776
102.0,2018-12-26,7840
102.0,2018-12-27,4900
102.0,2018-12-27,6912
102.0,2018-12-27,5832
102.0,2018-12-27,8208
102.0,2018-12-27,3500
102.0,2018-12-27,5832
102.0,2018-12-27,7776
102.0,2018-12-27,6804
102.0,2018-12-27,5832
102.0,2018-12-27,7776
102.0,2018-12-27,7236
102.0,2018-12-28,4752
33.0,2018-12-28,0
33.0,2018-12-28,0
102.0,2018-12-28,4680
102.0,2018-12-28,7776
102.0,2018-12-28,4500
102.0,2018-12-28,3500
102.0,2018-12-28,6480
102.0,2018-12-28,12120
102.0,2018-12-28,7776
102.0,2018-12-28,8640
102.0,2018-12-29,6480
102.0,2018-12-29,16020
102.0,2018-12-29,8640
102.0,2018-12-29,3500
102.0,2018-12-29,7776
102.0,2018-12-29,6912
102.0,2018-12-29,3500
102.0,2018-12-29,3000
102.0,2018-12-29,7560
102.0,2018-12-29,12960
102.0,2018-12-29,10368
33.0,2018-12-29,0
102.0,2018-12-30,0
102.0,2018-12-30,5300
102.0,2018-12-30,0
102.0,2018-12-30,4800
102.0,2018-12-30,6380
102.0,2018-12-30,8300
102.0,2018-12-30,5000
33.0,2018-12-30,513000
33.0,2018-12-30,513000
33.0,2018-12-30,513000
33.0,2018-12-30,513000
33.0,2018-12-30,513000
33.0,2018-12-30,513000
33.0,2018-12-30,503222
33.0,2018-12-30,503222
33.0,2018-12-30,503222
33.0,2018-12-30,503222
33.0,2018-12-30,503222
33.0,2018-12-30,503222
33.0,2018-12-30,503222
33.0,2018-12-30,503222
33.0,2018-12-30,503222
33.0,2018-12-30,503222
33.0,2018-12-30,503222
33.0,2018-12-30,503222
33.0,2018-12-30,503222
33.0,2018-12-30,503222
33.0,2018-12-30,503222
33.0,2018-12-30,503222
33.0,2018-12-30,503222
33.0,2018-12-30,503222
33.0,2018-12-30,501100
33.0,2018-12-30,501100
33.0,2018-12-30,501100
33.0,2018-12-30,501100
33.0,2018-12-30,501100
33.0,2018-12-30,501100
33.0,2018-12-30,501100
33.0,2018-12-30,501100
33.0,2018-12-30,501100
33.0,2018-12-30,501100
33.0,2018-12-30,501100
33.0,2018-12-30,501100
33.0,2018-12-30,502000
33.0,2018-12-30,502000
33.0,2018-12-30,502000
33.0,2018-12-30,502000
33.0,2018-12-30,502000
33.0,2018-12-30,502000
33.0,2018-12-30,515000
33.0,2018-12-30,515000
33.0,2018-12-30,515000
33.0,2018-12-30,515000
33.0,2018-12-30,515000
33.0,2018-12-30,515000
33.0,2018-12-30,505222
33.0,2018-12-30,505222
33.0,2018-12-30,505222
33.0,2018-12-30,505222
33.0,2018-12-30,505222
33.0,2018-12-30,505222
33.0,2018-12-30,505222
33.0,2018-12-30,505222
33.0,2018-12-30,505222
33.0,2018-12-30,505222
33.0,2018-12-30,505222
33.0,2018-12-30,505222
33.0,2018-12-30,505222
33.0,2018-12-30,505222
33.0,2018-12-30,505222
33.0,2018-12-30,505222
33.0,2018-12-30,505222
33.0,2018-12-30,505222
33.0,2018-12-30,503100
33.0,2018-12-30,503100
33.0,2018-12-30,503100
33.0,2018-12-30,503100
33.0,2018-12-30,503100
33.0,2018-12-30,503100
33.0,2018-12-30,503100
33.0,2018-12-30,503100
33.0,2018-12-30,503100
33.0,2018-12-30,503100
33.0,2018-12-30,503100
33.0,2018-12-30,503100
33.0,2018-12-30,504000
33.0,2018-12-30,504000
33.0,2018-12-30,504000
33.0,2018-12-30,504000
33.0,2018-12-30,504000
33.0,2018-12-30,504000
33.0,2018-12-30,515000
33.0,2018-12-30,515000
33.0,2018-12-30,515000
33.0,2018-12-30,515000
33.0,2018-12-30,515000
33.0,2018-12-30,515000
33.0,2018-12-30,505222
33.0,2018-12-30,505222
33.0,2018-12-30,505222
33.0,2018-12-30,505222
33.0,2018-12-30,505222
33.0,2018-12-30,505222
33.0,2018-12-30,505222
33.0,2018-12-30,505222
33.0,2018-12-30,505222
33.0,2018-12-30,505222
33.0,2018-12-30,505222
33.0,2018-12-30,505222
33.0,2018-12-30,505222
33.0,2018-12-30,505222
33.0,2018-12-30,505222
33.0,2018-12-30,505222
33.0,2018-12-30,505222
33.0,2018-12-30,505222
33.0,2018-12-30,503100
33.0,2018-12-30,503100
33.0,2018-12-30,503100
33.0,2018-12-30,503100
33.0,2018-12-30,503100
33.0,2018-12-30,503100
33.0,2018-12-30,503100
33.0,2018-12-30,503100
33.0,2018-12-30,503100
33.0,2018-12-30,503100
33.0,2018-12-30,503100
33.0,2018-12-30,503100
33.0,2018-12-30,504000
33.0,2018-12-30,504000
33.0,2018-12-30,504000
33.0,2018-12-30,504000
33.0,2018-12-30,504000
33.0,2018-12-30,504000
33.0,2018-12-30,514000
33.0,2018-12-30,514000
33.0,2018-12-30,514000
33.0,2018-12-30,514000
33.0,2018-12-30,514000
33.0,2018-12-30,514000
33.0,2018-12-30,504222
33.0,2018-12-30,504222
33.0,2018-12-30,504222
33.0,2018-12-30,504222
33.0,2018-12-30,504222
33.0,2018-12-30,504222
33.0,2018-12-30,504222
33.0,2018-12-30,504222
33.0,2018-12-30,504222
33.0,2018-12-30,504222
33.0,2018-12-30,504222
33.0,2018-12-30,504222
33.0,2018-12-30,504222
33.0,2018-12-30,504222
33.0,2018-12-30,504222
33.0,2018-12-30,504222
33.0,2018-12-30,504222
33.0,2018-12-30,504222
33.0,2018-12-30,502100
33.0,2018-12-30,502100
33.0,2018-12-30,502100
33.0,2018-12-30,502100
33.0,2018-12-30,502100
33.0,2018-12-30,502100
33.0,2018-12-30,502100
33.0,2018-12-30,502100
33.0,2018-12-30,502100
33.0,2018-12-30,502100
33.0,2018-12-30,502100
33.0,2018-12-30,502100
33.0,2018-12-30,503000
33.0,2018-12-30,503000
33.0,2018-12-30,503000
33.0,2018-12-30,503000
33.0,2018-12-30,503000
33.0,2018-12-30,503000
102.0,2018-12-31,0
102.0,2018-12-31,4900
102.0,2018-12-30,0
102.0,2018-12-30,6400
102.0,2018-12-30,0
102.0,2018-12-30,5660
102.0,2018-12-31,3500
102.0,2018-12-31,6480
102.0,2018-12-31,7040
102.0,2018-12-31,9936
102.0,2018-12-31,4500
102.0,2018-12-31,3500
102.0,2018-12-31,8640
102.0,2018-12-31,8880
102.0,2018-12-31,8640
33.0,2019-01-02,0
33.0,2019-01-02,2318
33.0,2019-01-03,51236
102.0,2019-01-04,7260
102.0,2019-01-04,8640
102.0,2019-01-04,4380
102.0,2019-01-04,6480
102.0,2019-01-04,8640
102.0,2019-01-04,4800
33.0,2019-01-04,141000
102.0,2019-01-05,7600
102.0,2019-01-05,4300
102.0,2019-01-05,8640
102.0,2019-01-05,5832
102.0,2019-01-05,7340
102.0,2019-01-05,5832
102.0,2019-01-06,2160
102.0,2019-01-06,6800
102.0,2019-01-06,8324
102.0,2019-01-06,7776
102.0,2019-01-06,4200
102.0,2019-01-06,8640
102.0,2019-01-06,5740
102.0,2019-01-06,6812
102.0,2019-01-07,0
102.0,2019-01-07,7776
102.0,2019-01-07,12520
102.0,2019-01-07,6480
102.0,2019-01-07,6480
102.0,2019-01-08,9272
102.0,2019-01-08,6480
102.0,2019-01-08,6480
102.0,2019-01-08,12960
102.0,2019-01-08,6480
102.0,2019-01-08,8964
102.0,2019-01-08,2160
102.0,2019-01-08,0
33.0,2019-01-09,0
102.0,2019-01-10,13284
102.0,2019-01-10,6400
102.0,2019-01-10,3400
102.0,2019-01-10,7800
102.0,2019-01-10,2160
102.0,2019-01-10,19440
102.0,2019-01-11,8640
102.0,2019-01-11,4200
102.0,2019-01-11,3500
102.0,2019-01-11,6804
102.0,2019-01-11,7900
102.0,2019-01-11,6480
102.0,2019-01-11,6912
102.0,2019-01-11,5560
33.0,2018-01-11,0
33.0,,0
33.0,2019-01-11,5633
33.0,2019-01-11,0
33.0,2019-01-11,0
33.0,2018-01-11,0
102.0,2019-01-12,6480
102.0,2019-01-12,5832
102.0,2019-01-12,0
102.0,2019-01-12,6300
102.0,2019-01-12,4500
102.0,2019-01-12,8000
102.0,2019-01-12,8040
102.0,2019-01-12,5832
102.0,2019-01-12,7500
102.0,2019-01-12,8300
102.0,2019-01-12,3500
102.0,2019-01-12,8300
102.0,2019-01-12,3000
102.0,2019-01-13,2500
102.0,2019-01-13,7020
102.0,2019-01-13,3500
102.0,2019-01-13,5832
102.0,2019-01-13,6032
102.0,2019-01-13,2160
102.0,2019-01-13,3500
102.0,2019-01-13,8640
102.0,2019-01-14,0
102.0,2019-01-13,8640
102.0,2019-01-13,6480
102.0,2019-01-14,7776
102.0,2019-01-14,5400
102.0,2019-01-14,7560
102.0,2019-01-14,6156
102.0,2019-01-14,4000
102.0,2019-01-14,5346
102.0,2019-01-14,6480
102.0,2019-01-14,3500
102.0,2019-01-14,2000
102.0,2019-01-15,6480
102.0,2019-01-15,8000
102.0,2019-01-15,11276
102.0,2019-01-15,10000
102.0,2019-01-15,8640
102.0,2019-01-16,4900
102.0,2019-01-16,6480
102.0,2019-01-16,3500
102.0,2019-01-16,4500
102.0,2019-01-16,8640
102.0,2019-01-16,7800
102.0,2019-01-16,8640
102.0,2019-01-16,7724
33.0,2019-01-16,2201
33.0,2019-01-16,2201
102.0,2019-01-17,8640
102.0,2019-01-17,9288
33.0,2018-12-11,0
102.0,2019-01-17,3500
33.0,2018-09-17,1331
102.0,2019-01-17,8640
102.0,2019-01-18,6480
102.0,2019-01-18,6480
102.0,2019-01-18,7776
102.0,2019-01-18,5832
102.0,2019-01-18,6480
102.0,2019-01-18,10800
102.0,2019-01-18,3240
102.0,2019-01-18,7800
102.0,2019-01-19,6480
102.0,2019-01-19,7560
102.0,2019-01-19,6400
102.0,2019-01-19,7776
102.0,2019-01-19,8840
102.0,2019-01-19,5940
102.0,2019-01-19,7776
102.0,2019-01-19,7776
102.0,2019-01-19,3000
102.0,2019-01-19,7560
102.0,2019-01-19,6480
102.0,2019-01-21,8664
102.0,2019-01-21,8640
102.0,2019-01-21,7776
102.0,2019-01-21,6700
102.0,2019-01-21,15120
102.0,2019-01-21,8640
102.0,2019-01-21,10800
102.0,2019-01-22,7264
102.0,2019-01-22,6164
102.0,2019-01-22,3780
102.0,2019-01-22,8640
102.0,2019-01-22,3500
102.0,2019-01-22,3500
102.0,2019-01-22,2900
33.0,2019-01-22,7000
33.0,2019-01-22,5700
33.0,2019-01-22,2000
102.0,2019-01-23,8640
102.0,2019-01-23,0
102.0,2019-01-23,0
33.0,2019-01-23,0
102.0,2019-01-23,6304
33.0,2019-01-23,0
102.0,2019-01-23,6480
102.0,2019-01-24,11448
102.0,2019-01-24,6480
33.0,2019-01-24,0
102.0,2019-01-24,2160
102.0,2019-01-24,6696
33.0,2019-01-24,0
33.0,2019-01-25,0
33.0,2019-01-25,0
33.0,2019-01-25,0
122.0,2019-01-25,0
33.0,2019-01-25,0
33.0,2019-01-25,0
102.0,2019-01-25,14580
102.0,2019-01-25,6480
102.0,2019-01-25,6928
102.0,2019-01-25,6480
102.0,2019-01-25,5300
33.0,2019-01-25,0
33.0,2019-01-25,0
102.0,2019-01-26,3564
102.0,2019-01-26,5832
102.0,2019-01-26,5980
102.0,2019-01-26,9260
102.0,2019-01-26,1800
102.0,2019-01-26,6580
102.0,2019-01-26,1000
102.0,2019-01-26,9104
102.0,2019-01-26,4900
102.0,2019-01-26,8300
102.0,2019-01-26,8640
102.0,2019-01-27,4120
102.0,2019-01-27,0
102.0,2019-01-27,8840
102.0,2019-01-27,11340
102.0,2019-01-27,12140
102.0,2019-01-28,0
102.0,2019-01-28,6800
102.0,2019-01-28,14040
102.0,2019-01-28,6480
102.0,2019-01-28,2500
102.0,2019-01-28,6000
102.0,2019-01-28,5800
102.0,2019-01-28,0
102.0,2019-01-28,2000
102.0,2019-01-29,6400
122.0,2019-01-29,0
102.0,2019-01-29,7556
102.0,2019-01-29,3500
102.0,2019-01-29,6480
102.0,2019-01-29,2700
102.0,2019-01-29,3500
33.0,2019-01-29,200
102.0,2019-01-29,8000
102.0,2019-01-30,8960
102.0,2019-01-30,8640
102.0,2019-01-30,4300
102.0,2019-01-30,7560
102.0,2019-01-30,6300
102.0,2019-01-30,8640
102.0,2019-01-29,7776
102.0,2019-02-01,0
102.0,2019-02-01,6156
33.0,,0
33.0,2019-02-01,0
33.0,2019-02-01,0
102.0,2019-02-01,6480
102.0,2019-02-01,4900
102.0,2019-02-01,8548
102.0,2019-02-01,2160
102.0,2019-02-01,6912
102.0,2019-02-01,8640
102.0,2019-02-01,12312
102.0,2019-02-02,10800
102.0,2019-02-02,6232
102.0,2019-02-02,6300
102.0,2019-02-02,0
102.0,2019-02-02,7000
102.0,2019-02-02,5832
102.0,,0
102.0,2019-02-02,3500
102.0,2019-02-02,6032
102.0,2019-02-02,3500
102.0,2019-02-02,0
102.0,2019-02-02,7776
102.0,2019-02-02,5000
102.0,2019-02-02,8640
102.0,2019-02-02,3500
33.0,2019-02-03,0
102.0,2019-02-04,7160
102.0,2019-02-04,6480
102.0,2019-02-04,4280
102.0,2019-02-04,4000
33.0,,0
33.0,,0
33.0,,0
33.0,,0
33.0,,0
33.0,,0
33.0,2019-02-04,0
33.0,2019-02-04,0
102.0,2019-02-04,7800
33.0,2019-02-04,0
102.0,2019-02-04,6400
102.0,2019-02-04,6480
102.0,2019-02-04,6400
102.0,2019-02-05,7000
102.0,2019-02-05,8688
102.0,2019-02-05,7236
102.0,2019-02-05,0
102.0,2019-02-05,8640
33.0,2019-02-05,0
102.0,2019-02-05,7992
102.0,2019-02-05,3500
102.0,2019-02-05,6480
102.0,2019-02-05,10000
102.0,2019-02-05,8300
102.0,2019-02-05,2000
102.0,2019-02-06,7560
33.0,2019-02-06,0
33.0,,0
102.0,2019-02-06,5100
102.0,2019-02-06,0
33.0,2019-02-06,0
33.0,2019-02-06,1200
102.0,2019-02-06,6608
102.0,2019-02-06,8640
102.0,2019-02-06,12140
33.0,2019-02-07,0
102.0,2019-02-07,0
102.0,2019-02-07,9288
102.0,2019-02-07,8640
102.0,2019-02-07,4900
102.0,2019-02-08,6132
102.0,2019-02-08,8532
102.0,2019-02-08,3000
102.0,2019-02-08,6480
102.0,2019-02-08,7564
102.0,2019-02-08,4800
102.0,2019-02-08,5000
102.0,2019-02-08,7560
102.0,2019-02-08,8340
102.0,2019-02-08,6480
102.0,2019-02-09,9720
102.0,2019-02-09,4700
102.0,2019-02-09,3500
102.0,2019-02-09,7776
102.0,2019-02-09,5880
102.0,2019-02-09,6300
102.0,2019-02-09,8300
102.0,2019-02-09,7560
102.0,2019-02-09,7603
102.0,2019-02-09,6500
102.0,2019-02-09,8424
102.0,2019-02-09,8640
102.0,2019-02-09,3500
102.0,2019-02-09,9504
102.0,2019-02-09,3000
102.0,2019-02-11,6920
102.0,2019-02-11,6800
102.0,2019-02-11,8640
102.0,2019-02-11,5728
102.0,2019-02-11,0
102.0,2019-02-11,6480
102.0,2019-02-11,6600
102.0,2019-02-11,8640
102.0,2019-02-11,7676
102.0,2019-02-11,8300
102.0,2019-02-12,6480
102.0,2019-02-12,0
102.0,,0
102.0,2019-02-12,7880
33.0,2019-02-12,43434
102.0,2019-02-12,8000
102.0,2019-02-12,5380
102.0,2019-02-12,6480
102.0,2019-02-12,2160
102.0,2019-02-12,7776
102.0,2019-02-13,3000
102.0,2019-02-13,3000
102.0,2019-02-13,3500
102.0,2019-02-14,4300
102.0,2019-02-13,1500
102.0,2019-02-13,5000
102.0,2019-02-13,6480
102.0,2019-02-13,8640
102.0,2019-02-13,7344
102.0,2019-02-13,5980
102.0,2019-02-14,9180
102.0,2019-02-14,11340
102.0,2019-02-14,8640
102.0,2019-02-14,5832
102.0,2019-02-14,6800
102.0,2019-02-14,8640
102.0,2019-02-14,5900
102.0,2019-02-14,8640
102.0,2019-02-14,5832
102.0,2019-02-15,6480
102.0,2019-02-15,5400
102.0,2019-02-15,5800
102.0,2019-02-15,3300
102.0,2019-02-15,8016
102.0,2019-02-15,7560
102.0,2019-02-15,9720
102.0,2019-02-15,19980
102.0,2019-02-16,1860
102.0,2019-02-16,8040
102.0,2019-02-16,6480
102.0,2019-02-16,8840
102.0,2019-02-16,5940
102.0,2019-02-16,3000
102.0,2019-02-16,8340
102.0,2019-02-16,5832
102.0,,0
102.0,2019-02-16,7776
102.0,2019-02-16,3500
102.0,2019-02-16,2700
102.0,2019-02-16,6480
102.0,2019-02-16,8300
102.0,2019-02-16,3000
102.0,2019-02-18,6800
102.0,2019-02-18,4500
102.0,2019-02-18,3500
102.0,2019-02-18,5300
102.0,2019-02-18,6900
102.0,2019-02-18,5800
102.0,2019-02-18,8300
102.0,2019-02-18,4000
102.0,2019-02-19,45360
102.0,2019-02-18,6800
102.0,2019-02-19,7776
102.0,2019-02-19,10152
102.0,2019-02-19,7560
102.0,2019-02-19,7560
102.0,2019-02-19,5700
102.0,2019-02-20,0
102.0,2019-02-20,9880
102.0,2019-02-20,6232
102.0,2019-02-20,5980
102.0,2019-02-20,8640
102.0,2019-02-20,9072
102.0,2019-02-20,5400
102.0,2019-02-21,0
102.0,2019-02-21,5580
102.0,2019-02-21,6480
102.0,2019-02-21,4900
102.0,2019-02-21,7560
102.0,2019-02-21,7344
102.0,2019-02-21,5660
102.0,2019-02-21,4800
102.0,2019-02-22,6300
102.0,2019-02-22,3500
102.0,2019-02-22,7560
102.0,2019-02-22,7560
102.0,2019-02-22,4900
102.0,2019-02-22,8952
102.0,2019-02-22,7776
102.0,2019-02-22,14300
102.0,2019-02-22,3000
102.0,2019-02-23,2140
102.0,2019-02-23,7776
102.0,2019-02-23,5832
102.0,2019-02-23,2000
102.0,2019-02-23,0
102.0,2019-02-23,7776
102.0,2019-02-23,0
102.0,2019-02-23,5600
102.0,2019-02-23,4900
102.0,2019-02-23,0
102.0,2019-02-23,5832
102.0,2019-02-23,3000
